epoch,lr,train_loss,test_acc
1,0.010000,4.2447,10.52
2,0.028000,3.9828,14.02
3,0.046000,3.7500,19.54
4,0.064000,3.4322,26.51
5,0.082000,3.1099,34.35
6,0.100000,2.8454,37.82
7,0.099994,2.6375,39.73
8,0.099974,2.4923,46.62
9,0.099942,2.3854,44.68
10,0.099896,2.3029,46.66
11,0.099838,2.2315,50.16
12,0.099767,2.1730,53.22
13,0.099682,2.1275,50.45
14,0.099585,2.0850,53.42
15,0.099475,2.0545,54.88
16,0.099353,2.0271,55.32
17,0.099217,1.9975,53.13
18,0.099069,1.9742,57.71
19,0.098907,1.9583,51.29
20,0.098734,1.9365,55.56
21,0.098547,1.9188,55.20
22,0.098348,1.9111,57.96
23,0.098136,1.8981,53.77
24,0.097912,1.8933,54.28
25,0.097676,1.8720,57.07
26,0.097427,1.8603,58.71
27,0.097166,1.8615,58.29
28,0.096892,1.8539,59.42
29,0.096606,1.8353,57.64
30,0.096309,1.8374,60.57
31,0.095999,1.8253,59.92
32,0.095677,1.8197,58.38
33,0.095344,1.8066,57.98
34,0.094998,1.8061,60.15
35,0.094641,1.7963,59.21
36,0.094273,1.7971,59.33
37,0.093893,1.7870,57.83
38,0.093501,1.7796,60.10
39,0.093098,1.7817,62.31
40,0.092685,1.7694,59.87
41,0.092260,1.7616,57.49
42,0.091824,1.7653,61.80
43,0.091377,1.7534,62.69
44,0.090919,1.7480,60.03
45,0.090451,1.7425,61.39
46,0.089972,1.7382,60.64
47,0.089483,1.7347,59.69
48,0.088984,1.7249,59.45
49,0.088474,1.7195,62.48
50,0.087955,1.7187,60.98
51,0.087426,1.7081,60.58
52,0.086887,1.7105,62.90
53,0.086338,1.7108,62.54
54,0.085780,1.7002,59.69
55,0.085213,1.6898,64.25
56,0.084636,1.6849,61.40
57,0.084051,1.6785,62.16
58,0.083457,1.6788,62.43
59,0.082854,1.6742,62.05
60,0.082242,1.6589,62.37
61,0.081622,1.6550,63.37
62,0.080994,1.6485,62.50
63,0.080358,1.6506,62.26
64,0.079714,1.6367,61.97
65,0.079062,1.6299,61.13
66,0.078403,1.6312,65.38
67,0.077737,1.6268,63.78
68,0.077063,1.6209,62.47
69,0.076382,1.6149,62.86
70,0.075694,1.6088,62.51
71,0.075000,1.6054,61.51
72,0.074299,1.6023,64.91
73,0.073592,1.5920,63.14
74,0.072879,1.5830,62.78
75,0.072160,1.5778,66.63
76,0.071435,1.5771,63.58
77,0.070704,1.5701,63.42
78,0.069968,1.5651,65.36
79,0.069227,1.5510,60.11
80,0.068481,1.5463,61.31
81,0.067730,1.5450,64.66
82,0.066975,1.5306,65.70
83,0.066215,1.5290,65.84
84,0.065451,1.5241,65.24
85,0.064683,1.5147,66.09
86,0.063911,1.5164,64.79
87,0.063135,1.5023,64.59
88,0.062356,1.4925,66.47
89,0.061574,1.4851,65.41
90,0.060789,1.4849,62.17
91,0.060001,1.4716,65.36
92,0.059211,1.4768,66.04
93,0.058418,1.4529,65.65
94,0.057623,1.4474,66.32
95,0.056826,1.4433,66.47
96,0.056027,1.4346,65.53
97,0.055226,1.4313,66.46
98,0.054425,1.4265,66.74
99,0.053622,1.4155,65.25
100,0.052818,1.4102,68.06
101,0.052013,1.3987,66.10
102,0.051208,1.3967,66.60
103,0.050403,1.3853,67.27
104,0.049597,1.3840,67.69
105,0.048792,1.3709,65.52
106,0.047987,1.3630,69.70
107,0.047182,1.3466,67.45
108,0.046378,1.3431,66.41
109,0.045575,1.3428,67.99
110,0.044774,1.3277,67.19
111,0.043973,1.3229,66.80
112,0.043174,1.3106,66.82
113,0.042377,1.3096,69.79
114,0.041582,1.2922,67.88
115,0.040789,1.2838,69.51
116,0.039999,1.2816,70.50
117,0.039211,1.2701,70.40
118,0.038426,1.2581,69.18
119,0.037644,1.2576,69.02
120,0.036865,1.2355,70.69
121,0.036089,1.2351,68.95
122,0.035317,1.2277,69.78
123,0.034549,1.2172,70.97
124,0.033785,1.1978,69.16
125,0.033025,1.2040,67.95
126,0.032270,1.1893,70.98
127,0.031519,1.1890,70.64
128,0.030773,1.1689,70.54
129,0.030032,1.1628,70.80
130,0.029296,1.1518,70.54
131,0.028565,1.1464,70.98
132,0.027840,1.1404,70.99
133,0.027121,1.1225,71.77
134,0.026408,1.1180,72.53
135,0.025701,1.1204,71.96
136,0.025000,1.1030,70.68
137,0.024306,1.1014,71.64
138,0.023618,1.0900,72.23
139,0.022937,1.0715,71.77
140,0.022263,1.0732,71.66
141,0.021597,1.0646,72.36
142,0.020938,1.0577,73.35
143,0.020286,1.0459,72.53
144,0.019642,1.0327,72.90
145,0.019006,1.0324,73.00
146,0.018378,1.0245,73.25
147,0.017758,1.0186,73.53
148,0.017146,1.0066,74.19
149,0.016543,0.9952,73.89
150,0.015949,0.9889,74.78
151,0.015364,0.9858,73.72
152,0.014787,0.9803,74.73
153,0.014220,0.9722,75.20
154,0.013662,0.9632,74.79
155,0.013113,0.9528,74.13
156,0.012574,0.9517,75.48
157,0.012045,0.9451,76.14
158,0.011526,0.9339,75.32
159,0.011016,0.9346,75.79
160,0.010517,0.9287,75.86
161,0.010028,0.9164,76.06
162,0.009549,0.9147,76.61
163,0.009081,0.9072,76.14
164,0.008623,0.9000,77.36
165,0.008176,0.9001,77.52
166,0.007740,0.8969,77.32
167,0.007315,0.8874,77.14
168,0.006902,0.8847,77.76
169,0.006499,0.8793,77.70
170,0.006107,0.8724,78.11
171,0.005727,0.8725,78.24
172,0.005359,0.8700,78.51
173,0.005002,0.8681,78.77
174,0.004656,0.8608,78.57
175,0.004323,0.8579,78.40
176,0.004001,0.8565,78.61
177,0.003691,0.8504,79.01
178,0.003394,0.8489,78.85
179,0.003108,0.8453,79.14
180,0.002834,0.8456,79.48
181,0.002573,0.8397,79.23
182,0.002324,0.8406,79.57
183,0.002088,0.8390,79.38
184,0.001864,0.8362,79.38
185,0.001652,0.8359,79.46
186,0.001453,0.8351,79.76
187,0.001266,0.8331,79.61
188,0.001093,0.8336,79.81
189,0.000931,0.8277,79.97
190,0.000783,0.8298,79.82
191,0.000647,0.8293,79.68
192,0.000525,0.8279,79.79
193,0.000415,0.8270,79.81
194,0.000318,0.8272,79.85
195,0.000233,0.8254,79.87
196,0.000162,0.8273,80.10
197,0.000104,0.8261,79.94
198,0.000058,0.8254,80.05
199,0.000026,0.8266,79.94
200,0.000006,0.8252,80.09
